Column 1,Column 2,Column 3,Column 4,Column 5
"(0.7044785406984854, 0.09400459527289261)","(0.7445042252112876, 0.15852094312481055)","(0.6408721240699635, 0.33154608312919115)","(0.7374397609904856, 0.1948959151745676)","(0.7064533486581682, 0.0662271891348134)"
"(0.6408721240699635, 0.33154608312919115)","(0.7374397609904856, 0.1948959151745676)","(0.5870654505820712, 0.276212276936495)","(0.7445042252112876, 0.15852094312481055)","(0.7064533486581682, 0.0662271891348134)"
